,Unnamed: 0,Day,Province,Death,Cases,DayStandard
0,1,7,Bali,0.0,0.0,2020.1966074681288
1,2,7,Jakarta,0.71,0.71,2020.1966074681288
2,3,7,Jawa.Barat,0.14,0.14,2020.1966074681288
3,4,7,Jawa.Tengah,0.0,0.0,2020.1966074681288
4,5,7,Jawa.Timur,0.0,0.0,2020.1966074681288
5,6,7,Kalimantan.Selatan,0.0,0.0,2020.1966074681288
6,7,8,Bali,0.0,0.0,2020.199339708566
7,8,8,Jakarta,0.57,0.57,2020.199339708566
8,9,8,Jawa.Barat,0.14,0.14,2020.199339708566
9,10,8,Jawa.Tengah,0.0,0.0,2020.199339708566
10,11,8,Jawa.Timur,0.0,0.0,2020.199339708566
11,12,8,Kalimantan.Selatan,0.0,0.0,2020.199339708566
12,13,9,Bali,0.0,0.0,2020.202071949003
13,14,9,Jakarta,1.0,1.0,2020.202071949003
14,15,9,Jawa.Barat,0.14,0.14,2020.202071949003
15,16,9,Jawa.Tengah,0.0,0.0,2020.202071949003
16,17,9,Jawa.Timur,0.0,0.0,2020.202071949003
17,18,9,Kalimantan.Selatan,0.0,0.0,2020.202071949003
18,19,10,Bali,0.0,0.0,2020.2048041894402
19,20,10,Jakarta,1.29,1.29,2020.2048041894402
20,21,10,Jawa.Barat,0.14,0.14,2020.2048041894402
21,22,10,Jawa.Tengah,0.0,0.0,2020.2048041894402
22,23,10,Jawa.Timur,0.0,0.0,2020.2048041894402
23,24,10,Kalimantan.Selatan,0.0,0.0,2020.2048041894402
24,25,11,Bali,0.0,0.0,2020.2075364298773
25,26,11,Jakarta,1.43,1.43,2020.2075364298773
26,27,11,Jawa.Barat,0.14,0.14,2020.2075364298773
27,28,11,Jawa.Tengah,0.0,0.0,2020.2075364298773
28,29,11,Jawa.Timur,0.0,0.0,2020.2075364298773
29,30,11,Kalimantan.Selatan,0.0,0.0,2020.2075364298773
30,31,12,Bali,0.0,0.0,2020.2102686703145
31,32,12,Jakarta,1.57,1.57,2020.2102686703145
32,33,12,Jawa.Barat,0.14,0.14,2020.2102686703145
33,34,12,Jawa.Tengah,0.14,0.14,2020.2102686703145
34,35,12,Jawa.Timur,0.0,0.0,2020.2102686703145
35,36,12,Kalimantan.Selatan,0.0,0.0,2020.2102686703145
36,37,13,Bali,0.0,0.0,2020.2130009107516
37,38,13,Jakarta,1.43,1.43,2020.2130009107516
38,39,13,Jawa.Barat,0.29,0.29,2020.2130009107516
39,40,13,Jawa.Tengah,0.14,0.14,2020.2130009107516
40,41,13,Jawa.Timur,0.0,0.0,2020.2130009107516
41,42,13,Kalimantan.Selatan,0.0,0.0,2020.2130009107516
42,43,14,Bali,0.0,0.0,2020.2157331511887
43,44,14,Jakarta,1.71,1.71,2020.2157331511887
44,45,14,Jawa.Barat,0.57,0.57,2020.2157331511887
45,46,14,Jawa.Tengah,0.14,0.14,2020.2157331511887
46,47,14,Jawa.Timur,0.0,0.0,2020.2157331511887
47,48,14,Kalimantan.Selatan,0.0,0.0,2020.2157331511887
48,49,15,Bali,0.0,0.0,2020.2184653916258
49,50,15,Jakarta,2.0,2.0,2020.2184653916258
50,51,15,Jawa.Barat,0.57,0.57,2020.2184653916258
51,52,15,Jawa.Tengah,0.29,0.29,2020.2184653916258
52,53,15,Jawa.Timur,0.0,0.0,2020.2184653916258
53,54,15,Kalimantan.Selatan,0.0,0.0,2020.2184653916258
54,55,16,Bali,0.0,0.0,2020.221197632063
55,56,16,Jakarta,1.57,1.57,2020.221197632063
56,57,16,Jawa.Barat,1.0,1.0,2020.221197632063
57,58,16,Jawa.Tengah,0.29,0.29,2020.221197632063
58,59,16,Jawa.Timur,0.0,0.0,2020.221197632063
59,60,16,Kalimantan.Selatan,0.0,0.0,2020.221197632063
60,61,17,Bali,0.0,0.0,2020.2239298725
61,62,17,Jakarta,1.14,1.14,2020.2239298725
62,63,17,Jawa.Barat,1.29,1.29,2020.2239298725
63,64,17,Jawa.Tengah,0.29,0.29,2020.2239298725
64,65,17,Jawa.Timur,0.0,0.0,2020.2239298725
65,66,17,Kalimantan.Selatan,0.0,0.0,2020.2239298725
66,67,18,Bali,0.0,0.0,2020.2266621129372
67,68,18,Jakarta,3.71,3.71,2020.2266621129372
68,69,18,Jawa.Barat,1.43,1.43,2020.2266621129372
69,70,18,Jawa.Tengah,0.43,0.43,2020.2266621129372
70,71,18,Jawa.Timur,0.14,0.14,2020.2266621129372
71,72,18,Kalimantan.Selatan,0.0,0.0,2020.2266621129372
72,73,19,Bali,0.0,0.0,2020.2293943533743
73,74,19,Jakarta,3.71,3.71,2020.2293943533743
74,75,19,Jawa.Barat,1.29,1.29,2020.2293943533743
75,76,19,Jawa.Tengah,0.43,0.43,2020.2293943533743
76,77,19,Jawa.Timur,0.43,0.43,2020.2293943533743
77,78,19,Kalimantan.Selatan,0.0,0.0,2020.2293943533743
78,79,20,Bali,0.0,0.0,2020.2321265938115
79,80,20,Jakarta,4.0,4.0,2020.2321265938115
80,81,20,Jawa.Barat,1.14,1.14,2020.2321265938115
81,82,20,Jawa.Tengah,0.43,0.43,2020.2321265938115
82,83,20,Jawa.Timur,0.43,0.43,2020.2321265938115
83,84,20,Kalimantan.Selatan,0.0,0.0,2020.2321265938115
84,85,21,Bali,0.0,0.0,2020.2348588342486
85,86,21,Jakarta,4.57,4.57,2020.2348588342486
86,87,21,Jawa.Barat,1.43,1.43,2020.2348588342486
87,88,21,Jawa.Tengah,0.43,0.43,2020.2348588342486
88,89,21,Jawa.Timur,0.43,0.43,2020.2348588342486
89,90,21,Kalimantan.Selatan,0.0,0.0,2020.2348588342486
90,91,22,Bali,0.0,0.0,2020.2375910746857
91,92,22,Jakarta,5.43,5.43,2020.2375910746857
92,93,22,Jawa.Barat,1.71,1.71,2020.2375910746857
93,94,22,Jawa.Tengah,0.43,0.43,2020.2375910746857
94,95,22,Jawa.Timur,0.43,0.43,2020.2375910746857
95,96,22,Kalimantan.Selatan,0.0,0.0,2020.2375910746857
96,97,23,Bali,0.0,0.0,2020.2403233151229
97,98,23,Jakarta,6.86,6.86,2020.2403233151229
98,99,23,Jawa.Barat,1.57,1.57,2020.2403233151229
99,100,23,Jawa.Tengah,0.71,0.71,2020.2403233151229
100,101,23,Jawa.Timur,0.86,0.86,2020.2403233151229
101,102,23,Kalimantan.Selatan,0.0,0.0,2020.2403233151229
102,103,24,Bali,0.0,0.0,2020.24305555556
103,104,24,Jakarta,7.86,7.86,2020.24305555556
104,105,24,Jawa.Barat,1.29,1.29,2020.24305555556
105,106,24,Jawa.Tengah,0.86,0.86,2020.24305555556
106,107,24,Jawa.Timur,1.0,1.0,2020.24305555556
107,108,24,Kalimantan.Selatan,0.0,0.0,2020.24305555556
108,109,25,Bali,0.0,0.0,2020.245787795997
109,110,25,Jakarta,6.43,6.43,2020.245787795997
110,111,25,Jawa.Barat,1.14,1.14,2020.245787795997
111,112,25,Jawa.Tengah,1.0,1.0,2020.245787795997
112,113,25,Jawa.Timur,1.14,1.14,2020.245787795997
113,114,25,Kalimantan.Selatan,0.0,0.0,2020.245787795997
114,115,26,Bali,0.0,0.0,2020.2485200364342
115,116,26,Jakarta,6.43,6.43,2020.2485200364342
116,117,26,Jawa.Barat,1.14,1.14,2020.2485200364342
117,118,26,Jawa.Tengah,1.86,1.86,2020.2485200364342
118,119,26,Jawa.Timur,0.86,0.86,2020.2485200364342
119,120,26,Kalimantan.Selatan,0.0,0.0,2020.2485200364342
120,121,27,Bali,0.0,0.0,2020.2512522768714
121,122,27,Jakarta,6.86,6.86,2020.2512522768714
122,123,27,Jawa.Barat,1.71,1.71,2020.2512522768714
123,124,27,Jawa.Tengah,2.14,2.14,2020.2512522768714
124,125,27,Jawa.Timur,1.0,1.0,2020.2512522768714
125,126,27,Kalimantan.Selatan,0.0,0.0,2020.2512522768714
126,127,28,Bali,0.0,0.0,2020.2539845173085
127,128,28,Jakarta,6.71,6.71,2020.2539845173085
128,129,28,Jawa.Barat,1.29,1.29,2020.2539845173085
129,130,28,Jawa.Tengah,2.29,2.29,2020.2539845173085
130,131,28,Jawa.Timur,1.0,1.0,2020.2539845173085
131,132,28,Kalimantan.Selatan,0.0,0.0,2020.2539845173085
132,133,29,Bali,0.0,0.0,2020.2567167577456
133,134,29,Jakarta,6.57,6.57,2020.2567167577456
134,135,29,Jawa.Barat,1.29,1.29,2020.2567167577456
135,136,29,Jawa.Tengah,2.29,2.29,2020.2567167577456
136,137,29,Jawa.Timur,1.43,1.43,2020.2567167577456
137,138,29,Kalimantan.Selatan,0.0,0.0,2020.2567167577456
138,139,30,Bali,0.0,0.0,2020.2594489981827
139,140,30,Jakarta,6.71,6.71,2020.2594489981827
140,141,30,Jawa.Barat,1.0,1.0,2020.2594489981827
141,142,30,Jawa.Tengah,2.0,2.0,2020.2594489981827
142,143,30,Jawa.Timur,1.29,1.29,2020.2594489981827
143,144,30,Kalimantan.Selatan,0.14,0.14,2020.2594489981827
144,145,31,Bali,0.0,0.0,2020.2621812386199
145,146,31,Jakarta,6.71,6.71,2020.2621812386199
146,147,31,Jawa.Barat,1.14,1.14,2020.2621812386199
147,148,31,Jawa.Tengah,2.43,2.43,2020.2621812386199
148,149,31,Jawa.Timur,1.14,1.14,2020.2621812386199
149,150,31,Kalimantan.Selatan,0.14,0.14,2020.2621812386199
150,151,32,Bali,0.0,0.0,2020.264913479057
151,152,32,Jakarta,7.43,7.43,2020.264913479057
152,153,32,Jawa.Barat,1.14,1.14,2020.264913479057
153,154,32,Jawa.Tengah,2.14,2.14,2020.264913479057
154,155,32,Jawa.Timur,0.86,0.86,2020.264913479057
155,156,32,Kalimantan.Selatan,0.43,0.43,2020.264913479057
156,157,33,Bali,0.0,0.0,2020.267645719494
157,158,33,Jakarta,8.43,8.43,2020.267645719494
158,159,33,Jawa.Barat,1.86,1.86,2020.267645719494
159,160,33,Jawa.Tengah,1.43,1.43,2020.267645719494
160,161,33,Jawa.Timur,0.86,0.86,2020.267645719494
161,162,33,Kalimantan.Selatan,0.43,0.43,2020.267645719494
162,163,34,Bali,0.0,0.0,2020.2703779599312
163,164,34,Jakarta,12.57,12.57,2020.2703779599312
164,165,34,Jawa.Barat,2.14,2.14,2020.2703779599312
165,166,34,Jawa.Tengah,1.29,1.29,2020.2703779599312
166,167,34,Jawa.Timur,1.0,1.0,2020.2703779599312
167,168,34,Kalimantan.Selatan,0.57,0.57,2020.2703779599312
168,169,35,Bali,0.0,0.0,2020.2731102003684
169,170,35,Jakarta,13.29,13.29,2020.2731102003684
170,171,35,Jawa.Barat,2.0,2.0,2020.2731102003684
171,172,35,Jawa.Tengah,1.14,1.14,2020.2731102003684
172,173,35,Jawa.Timur,1.57,1.57,2020.2731102003684
173,174,35,Kalimantan.Selatan,0.57,0.57,2020.2731102003684
174,175,36,Bali,0.0,0.0,2020.2758424408055
175,176,36,Jakarta,13.57,13.57,2020.2758424408055
176,177,36,Jawa.Barat,1.86,1.86,2020.2758424408055
177,178,36,Jawa.Tengah,1.14,1.14,2020.2758424408055
178,179,36,Jawa.Timur,1.57,1.57,2020.2758424408055
179,180,36,Kalimantan.Selatan,0.71,0.71,2020.2758424408055
180,181,37,Bali,0.0,0.0,2020.2785746812426
181,182,37,Jakarta,16.71,16.71,2020.2785746812426
182,183,37,Jawa.Barat,2.43,2.43,2020.2785746812426
183,184,37,Jawa.Tengah,1.14,1.14,2020.2785746812426
184,185,37,Jawa.Timur,1.29,1.29,2020.2785746812426
185,186,37,Kalimantan.Selatan,0.57,0.57,2020.2785746812426
186,187,38,Bali,0.0,0.0,2020.2813069216797
187,188,38,Jakarta,16.71,16.71,2020.2813069216797
188,189,38,Jawa.Barat,3.71,3.71,2020.2813069216797
189,190,38,Jawa.Tengah,0.71,0.71,2020.2813069216797
190,191,38,Jawa.Timur,1.57,1.57,2020.2813069216797
191,192,38,Kalimantan.Selatan,0.57,0.57,2020.2813069216797
192,193,39,Bali,0.0,0.0,2020.2840391621169
193,194,39,Jakarta,16.14,16.14,2020.2840391621169
194,195,39,Jawa.Barat,3.71,3.71,2020.2840391621169
195,196,39,Jawa.Tengah,0.86,0.86,2020.2840391621169
196,197,39,Jawa.Timur,3.43,3.43,2020.2840391621169
197,198,39,Kalimantan.Selatan,0.57,0.57,2020.2840391621169
198,199,40,Bali,0.0,0.0,2020.286771402554
199,200,40,Jakarta,16.29,16.29,2020.286771402554
200,201,40,Jawa.Barat,3.43,3.43,2020.286771402554
201,202,40,Jawa.Tengah,0.86,0.86,2020.286771402554
202,203,40,Jawa.Timur,4.0,4.0,2020.286771402554
203,204,40,Kalimantan.Selatan,0.57,0.57,2020.286771402554
204,205,41,Bali,0.0,0.0,2020.2895036429911
205,206,41,Jakarta,11.57,11.57,2020.2895036429911
206,207,41,Jawa.Barat,2.71,2.71,2020.2895036429911
207,208,41,Jawa.Tengah,1.0,1.0,2020.2895036429911
208,209,41,Jawa.Timur,3.86,3.86,2020.2895036429911
209,210,41,Kalimantan.Selatan,0.43,0.43,2020.2895036429911
210,211,42,Bali,0.0,0.0,2020.2922358834282
211,212,42,Jakarta,11.0,11.0,2020.2922358834282
212,213,42,Jawa.Barat,3.14,3.14,2020.2922358834282
213,214,42,Jawa.Tengah,1.57,1.57,2020.2922358834282
214,215,42,Jawa.Timur,3.43,3.43,2020.2922358834282
215,216,42,Kalimantan.Selatan,0.43,0.43,2020.2922358834282
216,217,43,Bali,0.0,0.0,2020.2949681238654
217,218,43,Jakarta,10.57,10.57,2020.2949681238654
218,219,43,Jawa.Barat,3.0,3.0,2020.2949681238654
219,220,43,Jawa.Tengah,1.43,1.43,2020.2949681238654
220,221,43,Jawa.Timur,3.43,3.43,2020.2949681238654
221,222,43,Kalimantan.Selatan,0.29,0.29,2020.2949681238654
222,223,44,Bali,0.14,0.14,2020.2977003643025
223,224,44,Jakarta,6.29,6.29,2020.2977003643025
224,225,44,Jawa.Barat,2.57,2.57,2020.2977003643025
225,226,44,Jawa.Tengah,1.71,1.71,2020.2977003643025
226,227,44,Jawa.Timur,4.14,4.14,2020.2977003643025
227,228,44,Kalimantan.Selatan,0.29,0.29,2020.2977003643025
228,229,45,Bali,0.14,0.14,2020.3004326047396
229,230,45,Jakarta,6.0,6.0,2020.3004326047396
230,231,45,Jawa.Barat,1.57,1.57,2020.3004326047396
231,232,45,Jawa.Tengah,1.71,1.71,2020.3004326047396
232,233,45,Jawa.Timur,4.29,4.29,2020.3004326047396
233,234,45,Kalimantan.Selatan,0.29,0.29,2020.3004326047396
234,235,46,Bali,0.14,0.14,2020.3031648451768
235,236,46,Jakarta,4.86,4.86,2020.3031648451768
236,237,46,Jawa.Barat,2.29,2.29,2020.3031648451768
237,238,46,Jawa.Tengah,1.71,1.71,2020.3031648451768
238,239,46,Jawa.Timur,2.57,2.57,2020.3031648451768
239,240,46,Kalimantan.Selatan,0.0,0.0,2020.3031648451768
240,241,47,Bali,0.29,0.29,2020.3058970856139
241,242,47,Jakarta,3.71,3.71,2020.3058970856139
242,243,47,Jawa.Barat,2.29,2.29,2020.3058970856139
243,244,47,Jawa.Tengah,1.57,1.57,2020.3058970856139
244,245,47,Jawa.Timur,2.0,2.0,2020.3058970856139
245,246,47,Kalimantan.Selatan,0.0,0.0,2020.3058970856139
246,247,48,Bali,0.29,0.29,2020.308629326051
247,248,48,Jakarta,3.57,3.57,2020.308629326051
248,249,48,Jawa.Barat,2.57,2.57,2020.308629326051
249,250,48,Jawa.Tengah,1.43,1.43,2020.308629326051
250,251,48,Jawa.Timur,2.14,2.14,2020.308629326051
251,252,48,Kalimantan.Selatan,0.14,0.14,2020.308629326051
252,253,49,Bali,0.29,0.29,2020.3113615664881
253,254,49,Jakarta,2.57,2.57,2020.3113615664881
254,255,49,Jawa.Barat,2.43,2.43,2020.3113615664881
255,256,49,Jawa.Tengah,1.29,1.29,2020.3113615664881
256,257,49,Jawa.Timur,3.0,3.0,2020.3113615664881
257,258,49,Kalimantan.Selatan,0.14,0.14,2020.3113615664881
258,259,50,Bali,0.29,0.29,2020.3140938069253
259,260,50,Jakarta,4.14,4.14,2020.3140938069253
260,261,50,Jawa.Barat,2.43,2.43,2020.3140938069253
261,262,50,Jawa.Tengah,1.43,1.43,2020.3140938069253
262,263,50,Jawa.Timur,3.71,3.71,2020.3140938069253
263,264,50,Kalimantan.Selatan,0.14,0.14,2020.3140938069253
264,265,51,Bali,0.14,0.14,2020.3168260473624
265,266,51,Jakarta,4.71,4.71,2020.3168260473624
266,267,51,Jawa.Barat,2.29,2.29,2020.3168260473624
267,268,51,Jawa.Tengah,1.14,1.14,2020.3168260473624
268,269,51,Jawa.Timur,4.71,4.71,2020.3168260473624
269,270,51,Kalimantan.Selatan,0.14,0.14,2020.3168260473624
270,271,52,Bali,0.14,0.14,2020.3195582877995
271,272,52,Jakarta,5.86,5.86,2020.3195582877995
272,273,52,Jawa.Barat,2.0,2.0,2020.3195582877995
273,274,52,Jawa.Tengah,1.14,1.14,2020.3195582877995
274,275,52,Jawa.Timur,4.43,4.43,2020.3195582877995
275,276,52,Kalimantan.Selatan,0.14,0.14,2020.3195582877995
276,277,53,Bali,0.14,0.14,2020.3222905282366
277,278,53,Jakarta,6.0,6.0,2020.3222905282366
278,279,53,Jawa.Barat,1.43,1.43,2020.3222905282366
279,280,53,Jawa.Tengah,1.0,1.0,2020.3222905282366
280,281,53,Jawa.Timur,4.57,4.57,2020.3222905282366
281,282,53,Kalimantan.Selatan,0.29,0.29,2020.3222905282366
282,283,54,Bali,0.0,0.0,2020.3250227686738
283,284,54,Jakarta,5.86,5.86,2020.3250227686738
284,285,54,Jawa.Barat,1.0,1.0,2020.3250227686738
285,286,54,Jawa.Tengah,1.14,1.14,2020.3250227686738
286,287,54,Jawa.Timur,5.14,5.14,2020.3250227686738
287,288,54,Kalimantan.Selatan,0.29,0.29,2020.3250227686738
288,289,55,Bali,0.0,0.0,2020.327755009111
289,290,55,Jakarta,5.86,5.86,2020.327755009111
290,291,55,Jawa.Barat,1.14,1.14,2020.327755009111
291,292,55,Jawa.Tengah,1.14,1.14,2020.327755009111
292,293,55,Jawa.Timur,5.14,5.14,2020.327755009111
293,294,55,Kalimantan.Selatan,0.14,0.14,2020.327755009111
294,295,56,Bali,0.0,0.0,2020.330487249548
295,296,56,Jakarta,6.43,6.43,2020.330487249548
296,297,56,Jawa.Barat,0.86,0.86,2020.330487249548
297,298,56,Jawa.Tengah,0.86,0.86,2020.330487249548
298,299,56,Jawa.Timur,4.57,4.57,2020.330487249548
299,300,56,Kalimantan.Selatan,0.14,0.14,2020.330487249548
300,301,57,Bali,0.0,0.0,2020.3332194899851
301,302,57,Jakarta,6.29,6.29,2020.3332194899851
302,303,57,Jawa.Barat,1.0,1.0,2020.3332194899851
303,304,57,Jawa.Tengah,0.71,0.71,2020.3332194899851
304,305,57,Jawa.Timur,4.43,4.43,2020.3332194899851
305,306,57,Kalimantan.Selatan,0.14,0.14,2020.3332194899851
306,307,58,Bali,0.0,0.0,2020.3359517304223
307,308,58,Jakarta,6.0,6.0,2020.3359517304223
308,309,58,Jawa.Barat,1.14,1.14,2020.3359517304223
309,310,58,Jawa.Tengah,0.86,0.86,2020.3359517304223
310,311,58,Jawa.Timur,3.43,3.43,2020.3359517304223
311,312,58,Kalimantan.Selatan,0.14,0.14,2020.3359517304223
312,313,59,Bali,0.0,0.0,2020.3386839708594
313,314,59,Jakarta,5.29,5.29,2020.3386839708594
314,315,59,Jawa.Barat,1.43,1.43,2020.3386839708594
315,316,59,Jawa.Tengah,0.71,0.71,2020.3386839708594
316,317,59,Jawa.Timur,4.14,4.14,2020.3386839708594
317,318,59,Kalimantan.Selatan,0.14,0.14,2020.3386839708594
318,319,60,Bali,0.0,0.0,2020.3414162112965
319,320,60,Jakarta,5.0,5.0,2020.3414162112965
320,321,60,Jawa.Barat,1.43,1.43,2020.3414162112965
321,322,60,Jawa.Tengah,0.71,0.71,2020.3414162112965
322,323,60,Jawa.Timur,3.86,3.86,2020.3414162112965
323,324,60,Kalimantan.Selatan,0.0,0.0,2020.3414162112965
324,325,61,Bali,0.0,0.0,2020.3441484517336
325,326,61,Jakarta,5.71,5.71,2020.3441484517336
326,327,61,Jawa.Barat,1.86,1.86,2020.3441484517336
327,328,61,Jawa.Tengah,0.57,0.57,2020.3441484517336
328,329,61,Jawa.Timur,4.14,4.14,2020.3441484517336
329,330,61,Kalimantan.Selatan,0.0,0.0,2020.3441484517336
330,331,62,Bali,0.0,0.0,2020.3468806921708
331,332,62,Jakarta,6.86,6.86,2020.3468806921708
332,333,62,Jawa.Barat,1.29,1.29,2020.3468806921708
333,334,62,Jawa.Tengah,0.57,0.57,2020.3468806921708
334,335,62,Jawa.Timur,5.29,5.29,2020.3468806921708
335,336,62,Kalimantan.Selatan,0.0,0.0,2020.3468806921708
336,337,63,Bali,0.0,0.0,2020.349612932608
337,338,63,Jakarta,6.43,6.43,2020.349612932608
338,339,63,Jawa.Barat,1.57,1.57,2020.349612932608
339,340,63,Jawa.Tengah,0.43,0.43,2020.349612932608
340,341,63,Jawa.Timur,5.57,5.57,2020.349612932608
341,342,63,Kalimantan.Selatan,0.0,0.0,2020.349612932608
342,343,64,Bali,0.0,0.0,2020.352345173045
343,344,64,Jakarta,4.43,4.43,2020.352345173045
344,345,64,Jawa.Barat,1.86,1.86,2020.352345173045
345,346,64,Jawa.Tengah,0.71,0.71,2020.352345173045
346,347,64,Jawa.Timur,5.0,5.0,2020.352345173045
347,348,64,Kalimantan.Selatan,0.0,0.0,2020.352345173045
348,349,65,Bali,0.0,0.0,2020.3550774134821
349,350,65,Jakarta,4.57,4.57,2020.3550774134821
350,351,65,Jawa.Barat,1.71,1.71,2020.3550774134821
351,352,65,Jawa.Tengah,0.71,0.71,2020.3550774134821
352,353,65,Jawa.Timur,4.57,4.57,2020.3550774134821
353,354,65,Kalimantan.Selatan,0.0,0.0,2020.3550774134821
354,355,66,Bali,0.0,0.0,2020.3578096539193
355,356,66,Jakarta,4.29,4.29,2020.3578096539193
356,357,66,Jawa.Barat,1.71,1.71,2020.3578096539193
357,358,66,Jawa.Tengah,0.71,0.71,2020.3578096539193
358,359,66,Jawa.Timur,4.57,4.57,2020.3578096539193
359,360,66,Kalimantan.Selatan,0.0,0.0,2020.3578096539193
360,361,67,Bali,0.0,0.0,2020.3605418943564
361,362,67,Jakarta,4.43,4.43,2020.3605418943564
362,363,67,Jawa.Barat,1.57,1.57,2020.3605418943564
363,364,67,Jawa.Tengah,0.86,0.86,2020.3605418943564
364,365,67,Jawa.Timur,5.43,5.43,2020.3605418943564
365,366,67,Kalimantan.Selatan,0.0,0.0,2020.3605418943564
366,367,68,Bali,0.0,0.0,2020.3632741347935
367,368,68,Jakarta,4.57,4.57,2020.3632741347935
368,369,68,Jawa.Barat,1.14,1.14,2020.3632741347935
369,370,68,Jawa.Tengah,0.71,0.71,2020.3632741347935
370,371,68,Jawa.Timur,5.71,5.71,2020.3632741347935
371,372,68,Kalimantan.Selatan,0.0,0.0,2020.3632741347935
372,373,69,Bali,0.0,0.0,2020.3660063752307
373,374,69,Jakarta,3.71,3.71,2020.3660063752307
374,375,69,Jawa.Barat,1.29,1.29,2020.3660063752307
375,376,69,Jawa.Tengah,0.57,0.57,2020.3660063752307
376,377,69,Jawa.Timur,4.86,4.86,2020.3660063752307
377,378,69,Kalimantan.Selatan,0.0,0.0,2020.3660063752307
378,379,70,Bali,0.0,0.0,2020.3687386156678
379,380,70,Jakarta,4.57,4.57,2020.3687386156678
380,381,70,Jawa.Barat,1.14,1.14,2020.3687386156678
381,382,70,Jawa.Tengah,0.57,0.57,2020.3687386156678
382,383,70,Jawa.Timur,5.71,5.71,2020.3687386156678
383,384,70,Kalimantan.Selatan,3.86,3.86,2020.3687386156678
384,385,71,Bali,0.0,0.0,2020.371470856105
385,386,71,Jakarta,4.14,4.14,2020.371470856105
386,387,71,Jawa.Barat,0.71,0.71,2020.371470856105
387,388,71,Jawa.Tengah,0.29,0.29,2020.371470856105
388,389,71,Jawa.Timur,6.0,6.0,2020.371470856105
389,390,71,Kalimantan.Selatan,3.86,3.86,2020.371470856105
390,391,72,Bali,0.0,0.0,2020.374203096542
391,392,72,Jakarta,3.71,3.71,2020.374203096542
392,393,72,Jawa.Barat,2.14,2.14,2020.374203096542
393,394,72,Jawa.Tengah,0.14,0.14,2020.374203096542
394,395,72,Jawa.Timur,7.29,7.29,2020.374203096542
395,396,72,Kalimantan.Selatan,5.0,5.0,2020.374203096542
396,397,73,Bali,0.0,0.0,2020.3769353369792
397,398,73,Jakarta,2.86,2.86,2020.3769353369792
398,399,73,Jawa.Barat,3.71,3.71,2020.3769353369792
399,400,73,Jawa.Tengah,0.14,0.14,2020.3769353369792
400,401,73,Jawa.Timur,8.57,8.57,2020.3769353369792
401,402,73,Kalimantan.Selatan,5.29,5.29,2020.3769353369792
402,403,74,Bali,0.0,0.0,2020.3796675774163
403,404,74,Jakarta,3.57,3.57,2020.3796675774163
404,405,74,Jawa.Barat,3.86,3.86,2020.3796675774163
405,406,74,Jawa.Tengah,0.0,0.0,2020.3796675774163
406,407,74,Jawa.Timur,9.57,9.57,2020.3796675774163
407,408,74,Kalimantan.Selatan,6.0,6.0,2020.3796675774163
408,409,75,Bali,0.0,0.0,2020.3823998178534
409,410,75,Jakarta,2.86,2.86,2020.3823998178534
410,411,75,Jawa.Barat,3.86,3.86,2020.3823998178534
411,412,75,Jawa.Tengah,0.0,0.0,2020.3823998178534
412,413,75,Jawa.Timur,9.29,9.29,2020.3823998178534
413,414,75,Kalimantan.Selatan,6.57,6.57,2020.3823998178534
414,415,76,Bali,0.0,0.0,2020.3851320582905
415,416,76,Jakarta,3.71,3.71,2020.3851320582905
416,417,76,Jawa.Barat,3.71,3.71,2020.3851320582905
417,418,76,Jawa.Tengah,0.0,0.0,2020.3851320582905
418,419,76,Jawa.Timur,10.57,10.57,2020.3851320582905
419,420,76,Kalimantan.Selatan,7.14,7.14,2020.3851320582905
420,421,77,Bali,0.0,0.0,2020.3878642987277
421,422,77,Jakarta,6.86,6.86,2020.3878642987277
422,423,77,Jawa.Barat,3.86,3.86,2020.3878642987277
423,424,77,Jawa.Tengah,0.0,0.0,2020.3878642987277
424,425,77,Jawa.Timur,11.0,11.0,2020.3878642987277
425,426,77,Kalimantan.Selatan,3.43,3.43,2020.3878642987277
426,427,78,Bali,0.0,0.0,2020.3905965391648
427,428,78,Jakarta,7.0,7.0,2020.3905965391648
428,429,78,Jawa.Barat,4.14,4.14,2020.3905965391648
429,430,78,Jawa.Tengah,0.0,0.0,2020.3905965391648
430,431,78,Jawa.Timur,12.29,12.29,2020.3905965391648
431,432,78,Kalimantan.Selatan,3.71,3.71,2020.3905965391648
432,433,79,Bali,0.0,0.0,2020.393328779602
433,434,79,Jakarta,6.57,6.57,2020.393328779602
434,435,79,Jawa.Barat,2.86,2.86,2020.393328779602
435,436,79,Jawa.Tengah,0.0,0.0,2020.393328779602
436,437,79,Jawa.Timur,12.43,12.43,2020.393328779602
437,438,79,Kalimantan.Selatan,2.86,2.86,2020.393328779602
438,439,80,Bali,0.0,0.0,2020.396061020039
439,440,80,Jakarta,6.57,6.57,2020.396061020039
440,441,80,Jawa.Barat,0.86,0.86,2020.396061020039
441,442,80,Jawa.Tengah,0.0,0.0,2020.396061020039
442,443,80,Jawa.Timur,11.57,11.57,2020.396061020039
443,444,80,Kalimantan.Selatan,2.86,2.86,2020.396061020039
444,445,81,Bali,0.0,0.0,2020.3987932604762
445,446,81,Jakarta,5.57,5.57,2020.3987932604762
446,447,81,Jawa.Barat,2.0,2.0,2020.3987932604762
447,448,81,Jawa.Tengah,0.0,0.0,2020.3987932604762
448,449,81,Jawa.Timur,11.0,11.0,2020.3987932604762
449,450,81,Kalimantan.Selatan,3.29,3.29,2020.3987932604762
450,451,82,Bali,0.0,0.0,2020.4015255009133
451,452,82,Jakarta,6.57,6.57,2020.4015255009133
452,453,82,Jawa.Barat,2.71,2.71,2020.4015255009133
453,454,82,Jawa.Tengah,0.0,0.0,2020.4015255009133
454,455,82,Jawa.Timur,12.86,12.86,2020.4015255009133
455,456,82,Kalimantan.Selatan,2.71,2.71,2020.4015255009133
456,457,83,Bali,0.0,0.0,2020.4042577413504
457,458,83,Jakarta,5.43,5.43,2020.4042577413504
458,459,83,Jawa.Barat,2.71,2.71,2020.4042577413504
459,460,83,Jawa.Tengah,0.0,0.0,2020.4042577413504
460,461,83,Jawa.Timur,13.0,13.0,2020.4042577413504
461,462,83,Kalimantan.Selatan,2.29,2.29,2020.4042577413504
462,463,84,Bali,0.0,0.0,2020.4069899817875
463,464,84,Jakarta,1.29,1.29,2020.4069899817875
464,465,84,Jawa.Barat,2.57,2.57,2020.4069899817875
465,466,84,Jawa.Tengah,0.0,0.0,2020.4069899817875
466,467,84,Jawa.Timur,12.57,12.57,2020.4069899817875
467,468,84,Kalimantan.Selatan,2.86,2.86,2020.4069899817875
468,469,85,Bali,0.0,0.0,2020.4097222222247
469,470,85,Jakarta,2.14,2.14,2020.4097222222247
470,471,85,Jawa.Barat,2.57,2.57,2020.4097222222247
471,472,85,Jawa.Tengah,0.0,0.0,2020.4097222222247
472,473,85,Jawa.Timur,14.43,14.43,2020.4097222222247
473,474,85,Kalimantan.Selatan,2.57,2.57,2020.4097222222247
474,475,86,Bali,0.0,0.0,2020.4124544626618
475,476,86,Jakarta,2.29,2.29,2020.4124544626618
476,477,86,Jawa.Barat,2.43,2.43,2020.4124544626618
477,478,86,Jawa.Tengah,0.0,0.0,2020.4124544626618
478,479,86,Jawa.Timur,16.14,16.14,2020.4124544626618
479,480,86,Kalimantan.Selatan,3.14,3.14,2020.4124544626618
480,481,87,Bali,0.14,0.14,2020.415186703099
481,482,87,Jakarta,2.57,2.57,2020.415186703099
482,483,87,Jawa.Barat,2.43,2.43,2020.415186703099
483,484,87,Jawa.Tengah,0.14,0.14,2020.415186703099
484,485,87,Jawa.Timur,17.14,17.14,2020.415186703099
485,486,87,Kalimantan.Selatan,3.0,3.0,2020.415186703099
486,487,88,Bali,0.14,0.14,2020.417918943536
487,488,88,Jakarta,2.57,2.57,2020.417918943536
488,489,88,Jawa.Barat,2.14,2.14,2020.417918943536
489,490,88,Jawa.Tengah,0.14,0.14,2020.417918943536
490,491,88,Jawa.Timur,16.71,16.71,2020.417918943536
491,492,88,Kalimantan.Selatan,2.29,2.29,2020.417918943536
492,493,89,Bali,0.14,0.14,2020.4206511839732
493,494,89,Jakarta,2.14,2.14,2020.4206511839732
494,495,89,Jawa.Barat,1.86,1.86,2020.4206511839732
495,496,89,Jawa.Tengah,0.29,0.29,2020.4206511839732
496,497,89,Jawa.Timur,15.57,15.57,2020.4206511839732
497,498,89,Kalimantan.Selatan,2.71,2.71,2020.4206511839732
498,499,90,Bali,0.14,0.14,2020.4233834244103
499,500,90,Jakarta,2.14,2.14,2020.4233834244103
500,501,90,Jawa.Barat,2.0,2.0,2020.4233834244103
501,502,90,Jawa.Tengah,0.29,0.29,2020.4233834244103
502,503,90,Jawa.Timur,14.71,14.71,2020.4233834244103
503,504,90,Kalimantan.Selatan,2.57,2.57,2020.4233834244103
504,505,91,Bali,0.14,0.14,2020.4261156648474
505,506,91,Jakarta,2.29,2.29,2020.4261156648474
506,507,91,Jawa.Barat,2.29,2.29,2020.4261156648474
507,508,91,Jawa.Tengah,1.14,1.14,2020.4261156648474
508,509,91,Jawa.Timur,14.57,14.57,2020.4261156648474
509,510,91,Kalimantan.Selatan,2.14,2.14,2020.4261156648474
510,511,92,Bali,0.14,0.14,2020.4288479052846
511,512,92,Jakarta,1.29,1.29,2020.4288479052846
512,513,92,Jawa.Barat,2.0,2.0,2020.4288479052846
513,514,92,Jawa.Tengah,1.14,1.14,2020.4288479052846
514,515,92,Jawa.Timur,13.14,13.14,2020.4288479052846
515,516,92,Kalimantan.Selatan,2.43,2.43,2020.4288479052846
516,517,93,Bali,0.14,0.14,2020.4315801457217
517,518,93,Jakarta,1.71,1.71,2020.4315801457217
518,519,93,Jawa.Barat,2.0,2.0,2020.4315801457217
519,520,93,Jawa.Tengah,4.29,4.29,2020.4315801457217
520,521,93,Jawa.Timur,12.57,12.57,2020.4315801457217
521,522,93,Kalimantan.Selatan,2.0,2.0,2020.4315801457217
522,523,94,Bali,0.0,0.0,2020.4343123861588
523,524,94,Jakarta,1.43,1.43,2020.4343123861588
524,525,94,Jawa.Barat,2.43,2.43,2020.4343123861588
525,526,94,Jawa.Tengah,4.14,4.14,2020.4343123861588
526,527,94,Jawa.Timur,13.0,13.0,2020.4343123861588
527,528,94,Kalimantan.Selatan,1.86,1.86,2020.4343123861588
528,529,95,Bali,0.0,0.0,2020.437044626596
529,530,95,Jakarta,2.0,2.0,2020.437044626596
530,531,95,Jawa.Barat,1.43,1.43,2020.437044626596
531,532,95,Jawa.Tengah,4.86,4.86,2020.437044626596
532,533,95,Jawa.Timur,13.86,13.86,2020.437044626596
533,534,95,Kalimantan.Selatan,2.57,2.57,2020.437044626596
534,535,96,Bali,0.0,0.0,2020.439776867033
535,536,96,Jakarta,1.57,1.57,2020.439776867033
536,537,96,Jawa.Barat,1.0,1.0,2020.439776867033
537,538,96,Jawa.Tengah,4.71,4.71,2020.439776867033
538,539,96,Jawa.Timur,14.43,14.43,2020.439776867033
539,540,96,Kalimantan.Selatan,2.71,2.71,2020.439776867033
540,541,97,Bali,0.0,0.0,2020.4425091074702
541,542,97,Jakarta,1.71,1.71,2020.4425091074702
542,543,97,Jawa.Barat,0.86,0.86,2020.4425091074702
543,544,97,Jawa.Tengah,4.71,4.71,2020.4425091074702
544,545,97,Jawa.Timur,16.71,16.71,2020.4425091074702
545,546,97,Kalimantan.Selatan,3.29,3.29,2020.4425091074702
546,547,98,Bali,0.0,0.0,2020.4452413479073
547,548,98,Jakarta,2.14,2.14,2020.4452413479073
548,549,98,Jawa.Barat,0.43,0.43,2020.4452413479073
549,550,98,Jawa.Tengah,3.86,3.86,2020.4452413479073
550,551,98,Jawa.Timur,18.43,18.43,2020.4452413479073
551,552,98,Kalimantan.Selatan,3.43,3.43,2020.4452413479073
552,553,99,Bali,0.14,0.14,2020.4479735883444
553,554,99,Jakarta,3.29,3.29,2020.4479735883444
554,555,99,Jawa.Barat,0.43,0.43,2020.4479735883444
555,556,99,Jawa.Tengah,3.86,3.86,2020.4479735883444
556,557,99,Jawa.Timur,18.0,18.0,2020.4479735883444
557,558,99,Kalimantan.Selatan,4.0,4.0,2020.4479735883444
558,559,100,Bali,0.14,0.14,2020.4507058287816
559,560,100,Jakarta,3.86,3.86,2020.4507058287816
560,561,100,Jawa.Barat,0.43,0.43,2020.4507058287816
561,562,100,Jawa.Tengah,0.86,0.86,2020.4507058287816
562,563,100,Jawa.Timur,16.71,16.71,2020.4507058287816
563,564,100,Kalimantan.Selatan,4.43,4.43,2020.4507058287816
564,565,101,Bali,0.14,0.14,2020.4534380692187
565,566,101,Jakarta,4.14,4.14,2020.4534380692187
566,567,101,Jawa.Barat,0.14,0.14,2020.4534380692187
567,568,101,Jawa.Tengah,3.29,3.29,2020.4534380692187
568,569,101,Jawa.Timur,16.29,16.29,2020.4534380692187
569,570,101,Kalimantan.Selatan,5.0,5.0,2020.4534380692187
570,571,102,Bali,0.14,0.14,2020.4561703096558
571,572,102,Jakarta,3.57,3.57,2020.4561703096558
572,573,102,Jawa.Barat,0.14,0.14,2020.4561703096558
573,574,102,Jawa.Tengah,2.57,2.57,2020.4561703096558
574,575,102,Jawa.Timur,17.71,17.71,2020.4561703096558
575,576,102,Kalimantan.Selatan,4.71,4.71,2020.4561703096558
576,577,103,Bali,0.14,0.14,2020.458902550093
577,578,103,Jakarta,4.0,4.0,2020.458902550093
578,579,103,Jawa.Barat,1.14,1.14,2020.458902550093
579,580,103,Jawa.Tengah,2.57,2.57,2020.458902550093
580,581,103,Jawa.Timur,17.57,17.57,2020.458902550093
581,582,103,Kalimantan.Selatan,5.43,5.43,2020.458902550093
582,583,104,Bali,0.14,0.14,2020.46163479053
583,584,104,Jakarta,8.14,8.14,2020.46163479053
584,585,104,Jawa.Barat,1.43,1.43,2020.46163479053
585,586,104,Jawa.Tengah,3.86,3.86,2020.46163479053
586,587,104,Jawa.Timur,16.0,16.0,2020.46163479053
587,588,104,Kalimantan.Selatan,5.14,5.14,2020.46163479053
588,589,105,Bali,0.14,0.14,2020.4643670309672
589,590,105,Jakarta,7.71,7.71,2020.4643670309672
590,591,105,Jawa.Barat,1.43,1.43,2020.4643670309672
591,592,105,Jawa.Tengah,5.71,5.71,2020.4643670309672
592,593,105,Jawa.Timur,14.86,14.86,2020.4643670309672
593,594,105,Kalimantan.Selatan,5.14,5.14,2020.4643670309672
594,595,106,Bali,0.14,0.14,2020.4670992714043
595,596,106,Jakarta,7.71,7.71,2020.4670992714043
596,597,106,Jawa.Barat,1.43,1.43,2020.4670992714043
597,598,106,Jawa.Tengah,5.71,5.71,2020.4670992714043
598,599,106,Jawa.Timur,15.71,15.71,2020.4670992714043
599,600,106,Kalimantan.Selatan,5.71,5.71,2020.4670992714043
600,601,107,Bali,0.43,0.43,2020.4698315118414
601,602,107,Jakarta,6.71,6.71,2020.4698315118414
602,603,107,Jawa.Barat,1.43,1.43,2020.4698315118414
603,604,107,Jawa.Tengah,5.57,5.57,2020.4698315118414
604,605,107,Jawa.Timur,16.57,16.57,2020.4698315118414
605,606,107,Kalimantan.Selatan,5.14,5.14,2020.4698315118414
606,607,108,Bali,0.43,0.43,2020.4725637522786
607,608,108,Jakarta,6.43,6.43,2020.4725637522786
608,609,108,Jawa.Barat,1.29,1.29,2020.4725637522786
609,610,108,Jawa.Tengah,3.29,3.29,2020.4725637522786
610,611,108,Jawa.Timur,16.14,16.14,2020.4725637522786
611,612,108,Kalimantan.Selatan,4.57,4.57,2020.4725637522786
612,613,109,Bali,0.43,0.43,2020.4752959927157
613,614,109,Jakarta,7.57,7.57,2020.4752959927157
614,615,109,Jawa.Barat,1.29,1.29,2020.4752959927157
615,616,109,Jawa.Tengah,3.86,3.86,2020.4752959927157
616,617,109,Jawa.Timur,14.86,14.86,2020.4752959927157
617,618,109,Kalimantan.Selatan,3.86,3.86,2020.4752959927157
618,619,110,Bali,0.43,0.43,2020.4780282331528
619,620,110,Jakarta,8.0,8.0,2020.4780282331528
620,621,110,Jawa.Barat,0.29,0.29,2020.4780282331528
621,622,110,Jawa.Tengah,4.14,4.14,2020.4780282331528
622,623,110,Jawa.Timur,14.14,14.14,2020.4780282331528
623,624,110,Kalimantan.Selatan,3.57,3.57,2020.4780282331528
624,625,111,Bali,0.71,0.71,2020.48076047359
625,626,111,Jakarta,5.0,5.0,2020.48076047359
626,627,111,Jawa.Barat,0.29,0.29,2020.48076047359
627,628,111,Jawa.Tengah,2.86,2.86,2020.48076047359
628,629,111,Jawa.Timur,14.29,14.29,2020.48076047359
629,630,111,Kalimantan.Selatan,3.71,3.71,2020.48076047359
630,631,112,Bali,0.71,0.71,2020.483492714027
631,632,112,Jakarta,5.43,5.43,2020.483492714027
632,633,112,Jawa.Barat,0.57,0.57,2020.483492714027
633,634,112,Jawa.Tengah,1.0,1.0,2020.483492714027
634,635,112,Jawa.Timur,16.86,16.86,2020.483492714027
635,636,112,Kalimantan.Selatan,3.29,3.29,2020.483492714027
636,637,113,Bali,0.57,0.57,2020.4862249544642
637,638,113,Jakarta,5.43,5.43,2020.4862249544642
638,639,113,Jawa.Barat,0.57,0.57,2020.4862249544642
639,640,113,Jawa.Tengah,1.0,1.0,2020.4862249544642
640,641,113,Jawa.Timur,16.43,16.43,2020.4862249544642
641,642,113,Kalimantan.Selatan,2.43,2.43,2020.4862249544642
642,643,114,Bali,0.57,0.57,2020.4889571949013
643,644,114,Jakarta,5.43,5.43,2020.4889571949013
644,645,114,Jawa.Barat,0.57,0.57,2020.4889571949013
645,646,114,Jawa.Tengah,1.0,1.0,2020.4889571949013
646,647,114,Jawa.Timur,16.43,16.43,2020.4889571949013
647,648,114,Kalimantan.Selatan,2.71,2.71,2020.4889571949013
648,649,115,Bali,0.57,0.57,2020.4916894353385
649,650,115,Jakarta,5.43,5.43,2020.4916894353385
650,651,115,Jawa.Barat,0.57,0.57,2020.4916894353385
651,652,115,Jawa.Tengah,0.86,0.86,2020.4916894353385
652,653,115,Jawa.Timur,19.14,19.14,2020.4916894353385
653,654,115,Kalimantan.Selatan,3.14,3.14,2020.4916894353385
654,655,116,Bali,0.71,0.71,2020.4944216757756
655,656,116,Jakarta,5.43,5.43,2020.4944216757756
656,657,116,Jawa.Barat,0.71,0.71,2020.4944216757756
657,658,116,Jawa.Tengah,3.14,3.14,2020.4944216757756
658,659,116,Jawa.Timur,21.71,21.71,2020.4944216757756
659,660,116,Kalimantan.Selatan,3.14,3.14,2020.4944216757756
660,661,117,Bali,0.86,0.86,2020.4971539162127
661,662,117,Jakarta,4.29,4.29,2020.4971539162127
662,663,117,Jawa.Barat,0.86,0.86,2020.4971539162127
663,664,117,Jawa.Tengah,3.0,3.0,2020.4971539162127
664,665,117,Jawa.Timur,25.29,25.29,2020.4971539162127
665,666,117,Kalimantan.Selatan,2.14,2.14,2020.4971539162127
666,667,118,Bali,0.71,0.71,2020.4998861566498
667,668,118,Jakarta,3.86,3.86,2020.4998861566498
668,669,118,Jawa.Barat,0.57,0.57,2020.4998861566498
669,670,118,Jawa.Tengah,3.0,3.0,2020.4998861566498
670,671,118,Jawa.Timur,26.43,26.43,2020.4998861566498
671,672,118,Kalimantan.Selatan,2.43,2.43,2020.4998861566498
672,673,119,Bali,0.71,0.71,2020.502618397087
673,674,119,Jakarta,4.0,4.0,2020.502618397087
674,675,119,Jawa.Barat,0.29,0.29,2020.502618397087
675,676,119,Jawa.Tengah,5.14,5.14,2020.502618397087
676,677,119,Jawa.Timur,24.86,24.86,2020.502618397087
677,678,119,Kalimantan.Selatan,2.86,2.86,2020.502618397087
678,679,120,Bali,1.0,1.0,2020.505350637524
679,680,120,Jakarta,2.86,2.86,2020.505350637524
680,681,120,Jawa.Barat,0.29,0.29,2020.505350637524
681,682,120,Jawa.Tengah,7.86,7.86,2020.505350637524
682,683,120,Jawa.Timur,26.29,26.29,2020.505350637524
683,684,120,Kalimantan.Selatan,2.57,2.57,2020.505350637524
684,685,121,Bali,1.0,1.0,2020.5080828779612
685,686,121,Jakarta,3.43,3.43,2020.5080828779612
686,687,121,Jawa.Barat,0.29,0.29,2020.5080828779612
687,688,121,Jawa.Tengah,10.0,10.0,2020.5080828779612
688,689,121,Jawa.Timur,27.14,27.14,2020.5080828779612
689,690,121,Kalimantan.Selatan,2.29,2.29,2020.5080828779612
690,691,122,Bali,1.43,1.43,2020.5108151183983
691,692,122,Jakarta,3.43,3.43,2020.5108151183983
692,693,122,Jawa.Barat,0.43,0.43,2020.5108151183983
693,694,122,Jawa.Tengah,12.43,12.43,2020.5108151183983
694,695,122,Jawa.Timur,27.29,27.29,2020.5108151183983
695,696,122,Kalimantan.Selatan,2.29,2.29,2020.5108151183983
696,697,123,Bali,1.57,1.57,2020.5135473588355
697,698,123,Jakarta,4.0,4.0,2020.5135473588355
698,699,123,Jawa.Barat,0.57,0.57,2020.5135473588355
699,700,123,Jawa.Tengah,9.86,9.86,2020.5135473588355
700,701,123,Jawa.Timur,26.57,26.57,2020.5135473588355
701,702,123,Kalimantan.Selatan,2.29,2.29,2020.5135473588355
702,703,124,Bali,1.43,1.43,2020.5162795992726
703,704,124,Jakarta,4.71,4.71,2020.5162795992726
704,705,124,Jawa.Barat,0.71,0.71,2020.5162795992726
705,706,124,Jawa.Tengah,11.57,11.57,2020.5162795992726
706,707,124,Jawa.Timur,25.0,25.0,2020.5162795992726
707,708,124,Kalimantan.Selatan,2.71,2.71,2020.5162795992726
708,709,125,Bali,1.43,1.43,2020.5190118397097
709,710,125,Jakarta,4.71,4.71,2020.5190118397097
710,711,125,Jawa.Barat,1.29,1.29,2020.5190118397097
711,712,125,Jawa.Tengah,11.71,11.71,2020.5190118397097
712,713,125,Jawa.Timur,25.14,25.14,2020.5190118397097
713,714,125,Kalimantan.Selatan,2.29,2.29,2020.5190118397097
714,715,126,Bali,1.43,1.43,2020.5217440801468
715,716,126,Jakarta,4.0,4.0,2020.5217440801468
716,717,126,Jawa.Barat,1.29,1.29,2020.5217440801468
717,718,126,Jawa.Tengah,12.29,12.29,2020.5217440801468
718,719,126,Jawa.Timur,26.0,26.0,2020.5217440801468
719,720,126,Kalimantan.Selatan,1.86,1.86,2020.5217440801468
720,721,127,Bali,1.29,1.29,2020.524476320584
721,722,127,Jakarta,5.43,5.43,2020.524476320584
722,723,127,Jawa.Barat,1.43,1.43,2020.524476320584
723,724,127,Jawa.Tengah,9.86,9.86,2020.524476320584
724,725,127,Jawa.Timur,27.29,27.29,2020.524476320584
725,726,127,Kalimantan.Selatan,2.29,2.29,2020.524476320584
726,727,128,Bali,1.0,1.0,2020.527208561021
727,728,128,Jakarta,6.14,6.14,2020.527208561021
728,729,128,Jawa.Barat,1.43,1.43,2020.527208561021
729,730,128,Jawa.Tengah,9.14,9.14,2020.527208561021
730,731,128,Jawa.Timur,26.86,26.86,2020.527208561021
731,732,128,Kalimantan.Selatan,2.71,2.71,2020.527208561021
732,733,129,Bali,0.57,0.57,2020.5299408014582
733,734,129,Jakarta,7.0,7.0,2020.5299408014582
734,735,129,Jawa.Barat,1.29,1.29,2020.5299408014582
735,736,129,Jawa.Tengah,7.57,7.57,2020.5299408014582
736,737,129,Jawa.Timur,24.71,24.71,2020.5299408014582
737,738,129,Kalimantan.Selatan,2.71,2.71,2020.5299408014582
738,739,130,Bali,0.29,0.29,2020.5326730418954
739,740,130,Jakarta,5.86,5.86,2020.5326730418954
740,741,130,Jawa.Barat,1.14,1.14,2020.5326730418954
741,742,130,Jawa.Tengah,7.71,7.71,2020.5326730418954
742,743,130,Jawa.Timur,24.0,24.0,2020.5326730418954
743,744,130,Kalimantan.Selatan,2.86,2.86,2020.5326730418954
744,745,131,Bali,0.57,0.57,2020.5354052823325
745,746,131,Jakarta,5.86,5.86,2020.5354052823325
746,747,131,Jawa.Barat,1.0,1.0,2020.5354052823325
747,748,131,Jawa.Tengah,6.71,6.71,2020.5354052823325
748,749,131,Jawa.Timur,24.71,24.71,2020.5354052823325
749,750,131,Kalimantan.Selatan,3.57,3.57,2020.5354052823325
750,751,132,Bali,0.86,0.86,2020.5381375227696
751,752,132,Jakarta,6.0,6.0,2020.5381375227696
752,753,132,Jawa.Barat,0.43,0.43,2020.5381375227696
753,754,132,Jawa.Tengah,7.29,7.29,2020.5381375227696
754,755,132,Jawa.Timur,25.14,25.14,2020.5381375227696
755,756,132,Kalimantan.Selatan,3.57,3.57,2020.5381375227696
756,757,133,Bali,1.29,1.29,2020.5408697632067
757,758,133,Jakarta,6.86,6.86,2020.5408697632067
758,759,133,Jawa.Barat,0.57,0.57,2020.5408697632067
759,760,133,Jawa.Tengah,4.57,4.57,2020.5408697632067
760,761,133,Jawa.Timur,26.57,26.57,2020.5408697632067
761,762,133,Kalimantan.Selatan,4.57,4.57,2020.5408697632067
762,763,134,Bali,1.29,1.29,2020.5436020036439
763,764,134,Jakarta,6.57,6.57,2020.5436020036439
764,765,134,Jawa.Barat,0.57,0.57,2020.5436020036439
765,766,134,Jawa.Tengah,4.29,4.29,2020.5436020036439
766,767,134,Jawa.Timur,23.0,23.0,2020.5436020036439
767,768,134,Kalimantan.Selatan,4.29,4.29,2020.5436020036439
768,769,135,Bali,1.86,1.86,2020.546334244081
769,770,135,Jakarta,6.43,6.43,2020.546334244081
770,771,135,Jawa.Barat,0.57,0.57,2020.546334244081
771,772,135,Jawa.Tengah,6.57,6.57,2020.546334244081
772,773,135,Jawa.Timur,27.57,27.57,2020.546334244081
773,774,135,Kalimantan.Selatan,4.29,4.29,2020.546334244081
774,775,136,Bali,2.43,2.43,2020.549066484518
775,776,136,Jakarta,6.86,6.86,2020.549066484518
776,777,136,Jawa.Barat,0.57,0.57,2020.549066484518
777,778,136,Jawa.Tengah,10.86,10.86,2020.549066484518
778,779,136,Jawa.Timur,29.57,29.57,2020.549066484518
779,780,136,Kalimantan.Selatan,4.71,4.71,2020.549066484518
780,781,137,Bali,2.71,2.71,2020.5517987249552
781,782,137,Jakarta,7.43,7.43,2020.5517987249552
782,783,137,Jawa.Barat,1.0,1.0,2020.5517987249552
783,784,137,Jawa.Tengah,12.57,12.57,2020.5517987249552
784,785,137,Jawa.Timur,30.57,30.57,2020.5517987249552
785,786,137,Kalimantan.Selatan,5.14,5.14,2020.5517987249552
786,787,138,Bali,2.43,2.43,2020.5545309653924
787,788,138,Jakarta,7.43,7.43,2020.5545309653924
788,789,138,Jawa.Barat,0.86,0.86,2020.5545309653924
789,790,138,Jawa.Tengah,21.0,21.0,2020.5545309653924
790,791,138,Jawa.Timur,31.57,31.57,2020.5545309653924
791,792,138,Kalimantan.Selatan,4.14,4.14,2020.5545309653924
792,793,139,Bali,2.29,2.29,2020.5572632058295
793,794,139,Jakarta,6.71,6.71,2020.5572632058295
794,795,139,Jawa.Barat,1.0,1.0,2020.5572632058295
795,796,139,Jawa.Tengah,28.71,28.71,2020.5572632058295
796,797,139,Jawa.Timur,32.0,32.0,2020.5572632058295
797,798,139,Kalimantan.Selatan,3.86,3.86,2020.5572632058295
798,799,140,Bali,1.86,1.86,2020.5599954462666
799,800,140,Jakarta,6.43,6.43,2020.5599954462666
800,801,140,Jawa.Barat,0.86,0.86,2020.5599954462666
801,802,140,Jawa.Tengah,34.43,34.43,2020.5599954462666
802,803,140,Jawa.Timur,30.86,30.86,2020.5599954462666
803,804,140,Kalimantan.Selatan,3.29,3.29,2020.5599954462666
804,805,141,Bali,1.71,1.71,2020.5627276867037
805,806,141,Jakarta,5.29,5.29,2020.5627276867037
806,807,141,Jawa.Barat,0.71,0.71,2020.5627276867037
807,808,141,Jawa.Tengah,35.57,35.57,2020.5627276867037
808,809,141,Jawa.Timur,31.86,31.86,2020.5627276867037
809,810,141,Kalimantan.Selatan,3.57,3.57,2020.5627276867037
810,811,142,Bali,1.14,1.14,2020.5654599271409
811,812,142,Jakarta,4.57,4.57,2020.5654599271409
812,813,142,Jawa.Barat,0.71,0.71,2020.5654599271409
813,814,142,Jawa.Tengah,33.71,33.71,2020.5654599271409
814,815,142,Jawa.Timur,26.86,26.86,2020.5654599271409
815,816,142,Kalimantan.Selatan,3.14,3.14,2020.5654599271409
816,817,143,Bali,0.57,0.57,2020.568192167578
817,818,143,Jakarta,4.71,4.71,2020.568192167578
818,819,143,Jawa.Barat,0.71,0.71,2020.568192167578
819,820,143,Jawa.Tengah,28.71,28.71,2020.568192167578
820,821,143,Jawa.Timur,25.0,25.0,2020.568192167578
821,822,143,Kalimantan.Selatan,2.71,2.71,2020.568192167578
822,823,144,Bali,0.29,0.29,2020.5709244080151
823,824,144,Jakarta,5.71,5.71,2020.5709244080151
824,825,144,Jawa.Barat,0.14,0.14,2020.5709244080151
825,826,144,Jawa.Tengah,28.29,28.29,2020.5709244080151
826,827,144,Jawa.Timur,24.14,24.14,2020.5709244080151
827,828,144,Kalimantan.Selatan,2.57,2.57,2020.5709244080151
828,829,145,Bali,0.29,0.29,2020.5736566484522
829,830,145,Jakarta,7.0,7.0,2020.5736566484522
830,831,145,Jawa.Barat,0.43,0.43,2020.5736566484522
831,832,145,Jawa.Tengah,21.57,21.57,2020.5736566484522
832,833,145,Jawa.Timur,23.86,23.86,2020.5736566484522
833,834,145,Kalimantan.Selatan,3.57,3.57,2020.5736566484522
834,835,146,Bali,0.0,0.0,2020.5763888888894
835,836,146,Jakarta,9.43,9.43,2020.5763888888894
836,837,146,Jawa.Barat,0.57,0.57,2020.5763888888894
837,838,146,Jawa.Tengah,15.86,15.86,2020.5763888888894
838,839,146,Jawa.Timur,21.71,21.71,2020.5763888888894
839,840,146,Kalimantan.Selatan,3.71,3.71,2020.5763888888894
840,841,147,Bali,0.0,0.0,2020.5791211293265
841,842,147,Jakarta,10.86,10.86,2020.5791211293265
842,843,147,Jawa.Barat,0.57,0.57,2020.5791211293265
843,844,147,Jawa.Tengah,11.29,11.29,2020.5791211293265
844,845,147,Jawa.Timur,20.57,20.57,2020.5791211293265
845,846,147,Kalimantan.Selatan,4.14,4.14,2020.5791211293265
846,847,148,Bali,0.0,0.0,2020.5818533697636
847,848,148,Jakarta,12.57,12.57,2020.5818533697636
848,849,148,Jawa.Barat,0.57,0.57,2020.5818533697636
849,850,148,Jawa.Tengah,12.29,12.29,2020.5818533697636
850,851,148,Jawa.Timur,21.0,21.0,2020.5818533697636
851,852,148,Kalimantan.Selatan,3.43,3.43,2020.5818533697636
852,853,149,Bali,0.0,0.0,2020.5845856102007
853,854,149,Jakarta,12.0,12.0,2020.5845856102007
854,855,149,Jawa.Barat,0.57,0.57,2020.5845856102007
855,856,149,Jawa.Tengah,13.86,13.86,2020.5845856102007
856,857,149,Jawa.Timur,18.57,18.57,2020.5845856102007
857,858,149,Kalimantan.Selatan,3.14,3.14,2020.5845856102007
858,859,150,Bali,0.0,0.0,2020.5873178506379
859,860,150,Jakarta,12.86,12.86,2020.5873178506379
860,861,150,Jawa.Barat,0.57,0.57,2020.5873178506379
861,862,150,Jawa.Tengah,14.0,14.0,2020.5873178506379
862,863,150,Jawa.Timur,19.0,19.0,2020.5873178506379
863,864,150,Kalimantan.Selatan,3.0,3.0,2020.5873178506379
864,865,151,Bali,0.0,0.0,2020.590050091075
865,866,151,Jakarta,12.71,12.71,2020.590050091075
866,867,151,Jawa.Barat,1.29,1.29,2020.590050091075
867,868,151,Jawa.Tengah,12.43,12.43,2020.590050091075
868,869,151,Jawa.Timur,21.57,21.57,2020.590050091075
869,870,151,Kalimantan.Selatan,2.57,2.57,2020.590050091075
870,871,152,Bali,0.0,0.0,2020.5927823315121
871,872,152,Jakarta,12.71,12.71,2020.5927823315121
872,873,152,Jawa.Barat,1.0,1.0,2020.5927823315121
873,874,152,Jawa.Tengah,12.0,12.0,2020.5927823315121
874,875,152,Jawa.Timur,19.43,19.43,2020.5927823315121
875,876,152,Kalimantan.Selatan,1.43,1.43,2020.5927823315121
876,877,153,Bali,0.0,0.0,2020.5955145719493
877,878,153,Jakarta,11.86,11.86,2020.5955145719493
878,879,153,Jawa.Barat,0.86,0.86,2020.5955145719493
879,880,153,Jawa.Tengah,12.14,12.14,2020.5955145719493
880,881,153,Jawa.Timur,20.0,20.0,2020.5955145719493
881,882,153,Kalimantan.Selatan,1.29,1.29,2020.5955145719493
882,883,154,Bali,0.14,0.14,2020.5982468123864
883,884,154,Jakarta,11.57,11.57,2020.5982468123864
884,885,154,Jawa.Barat,1.43,1.43,2020.5982468123864
885,886,154,Jawa.Tengah,12.14,12.14,2020.5982468123864
886,887,154,Jawa.Timur,19.43,19.43,2020.5982468123864
887,888,154,Kalimantan.Selatan,0.86,0.86,2020.5982468123864
888,889,155,Bali,0.14,0.14,2020.6009790528235
889,890,155,Jakarta,11.43,11.43,2020.6009790528235
890,891,155,Jawa.Barat,1.86,1.86,2020.6009790528235
891,892,155,Jawa.Tengah,11.57,11.57,2020.6009790528235
892,893,155,Jawa.Timur,19.57,19.57,2020.6009790528235
893,894,155,Kalimantan.Selatan,1.14,1.14,2020.6009790528235
894,895,156,Bali,0.14,0.14,2020.6037112932606
895,896,156,Jakarta,12.29,12.29,2020.6037112932606
896,897,156,Jawa.Barat,2.43,2.43,2020.6037112932606
897,898,156,Jawa.Tengah,8.57,8.57,2020.6037112932606
898,899,156,Jawa.Timur,22.57,22.57,2020.6037112932606
899,900,156,Kalimantan.Selatan,1.57,1.57,2020.6037112932606
900,901,157,Bali,0.14,0.14,2020.6064435336978
901,902,157,Jakarta,10.29,10.29,2020.6064435336978
902,903,157,Jawa.Barat,2.43,2.43,2020.6064435336978
903,904,157,Jawa.Tengah,9.0,9.0,2020.6064435336978
904,905,157,Jawa.Timur,21.86,21.86,2020.6064435336978
905,906,157,Kalimantan.Selatan,1.43,1.43,2020.6064435336978
906,907,158,Bali,0.14,0.14,2020.6091757741349
907,908,158,Jakarta,10.0,10.0,2020.6091757741349
908,909,158,Jawa.Barat,2.29,2.29,2020.6091757741349
909,910,158,Jawa.Tengah,9.29,9.29,2020.6091757741349
910,911,158,Jawa.Timur,19.14,19.14,2020.6091757741349
911,912,158,Kalimantan.Selatan,1.43,1.43,2020.6091757741349
912,913,159,Bali,0.14,0.14,2020.611908014572
913,914,159,Jakarta,10.14,10.14,2020.611908014572
914,915,159,Jawa.Barat,2.43,2.43,2020.611908014572
915,916,159,Jawa.Tengah,10.0,10.0,2020.611908014572
916,917,159,Jawa.Timur,18.86,18.86,2020.611908014572
917,918,159,Kalimantan.Selatan,1.71,1.71,2020.611908014572
918,919,160,Bali,0.14,0.14,2020.6146402550091
919,920,160,Jakarta,9.86,9.86,2020.6146402550091
920,921,160,Jawa.Barat,2.43,2.43,2020.6146402550091
921,922,160,Jawa.Tengah,9.14,9.14,2020.6146402550091
922,923,160,Jawa.Timur,19.43,19.43,2020.6146402550091
923,924,160,Kalimantan.Selatan,2.29,2.29,2020.6146402550091
924,925,161,Bali,0.0,0.0,2020.6173724954463
925,926,161,Jakarta,8.71,8.71,2020.6173724954463
926,927,161,Jawa.Barat,2.0,2.0,2020.6173724954463
927,928,161,Jawa.Tengah,9.29,9.29,2020.6173724954463
928,929,161,Jawa.Timur,19.0,19.0,2020.6173724954463
929,930,161,Kalimantan.Selatan,2.14,2.14,2020.6173724954463
930,931,162,Bali,0.0,0.0,2020.6201047358834
931,932,162,Jakarta,8.0,8.0,2020.6201047358834
932,933,162,Jawa.Barat,1.57,1.57,2020.6201047358834
933,934,162,Jawa.Tengah,8.57,8.57,2020.6201047358834
934,935,162,Jawa.Timur,18.86,18.86,2020.6201047358834
935,936,162,Kalimantan.Selatan,2.29,2.29,2020.6201047358834
